{"S0133-Rad": -8.64487796666667, "S0234-Rad": -4.79266385, "S0335-Rad": -1.5536855166666665, "S0436-Rad": 2.9990773500000003, "S0537-Rad": 5.792061941666665, "S0638-Rad": -26.778786816666667, "S0739-Rad": -28.735685841666665, "S0840-Rad": -26.45253700833333, "S0941-Rad": -23.3379325, "S1042-Rad": -15.181121117338373, "S1143-Rad": 2.5507063999999993, "S1244-Rad": 21.817666650000003, "S1345-Rad": 27.562116425, "S1446-Rad": 31.024846733333334, "S1547-Rad": 30.454799216666665, "S1648-Rad": 28.1867898, "S1749-Rad": -4.2924936, "S1850-Rad": -0.7743269916666655, "S1951-Rad": 2.0081448, "S2052-Rad": 6.984948583333331, "S2153-Rad": 9.751058666666669, "S2254-Rad": -32.193679925, "S2355-Rad": -34.127426975000006, "S2456-Rad": -34.729586491666666, "S2557-Rad": -33.70533696666667, "S2658-Rad": -23.31940245, "S2759-Rad": -2.813979633333334, "S2860-Rad": 20.263471406776418, "S2961-Rad": 27.230671541666666, "S3062-Rad": 32.175860533333335, "S3163-Rad": 31.37334446666667, "S3264-Rad": 28.779309041666664, "S0133-Ax": 0.5803732249999989, "S0234-Ax": -0.1991357666666671, "S0335-Ax": 0.48936070000000065, "S0436-Ax": -0.43849122499999904, "S0537-Ax": 0.29269968333333196, "S0638-Ax": 0.1486533166666657, "S0739-Ax": 0.016722358333334242, "S0840-Ax": -0.925851366666667, "S0941-Ax": -0.32104696666666577, "S1042-Ax": -2.4287345250000003, "S1143-Ax": 0.24479860833333333, "S1244-Ax": 0.1490268583333334, "S1345-Ax": 2.029083858333333, "S1446-Ax": -1.8498324083333335, "S1547-Ax": 0.9517671750000005, "S1648-Ax": -0.9345426833333335, "S1749-Ax": 0.41332874166666667, "S1850-Ax": -0.26214663333333377, "S1951-Ax": 0.710352816666667, "S2052-Ax": -0.8957652166666668, "S2153-Ax": 0.26195819166666734, "S2254-Ax": -0.45736203333333325, "S2355-Ax": 0.7364076250000009, "S2456-Ax": -0.7590707416666662, "S2557-Ax": 0.10777110000000079, "S2658-Ax": -3.366622716666666, "S2759-Ax": 1.2321003416666647, "S2860-Ax": 2.9357594166666683, "S2961-Ax": 0.13859066666666475, "S3062-Ax": 0.46539433333333236, "S3163-Ax": 0.9624078250000041, "S3264-Ax": 0.277399541666667}